<?xml version="1.0" encoding="UTF-8"?>
<project-private xmlns="http://www.netbeans.org/ns/project-private/1">
    <editor-bookmarks xmlns="http://www.netbeans.org/ns/editor-bookmarks/2" lastBookmarkId="0"/>
    <open-files xmlns="http://www.netbeans.org/ns/projectui-open-files/2">
        <group>
            <file>file:/D:/Thay%20doi%20asm/ASM-SOF203/src/Test/Test1.java</file>
            <file>file:/D:/Thay%20doi%20asm/ASM-SOF203/src/Control/button3_custom.java</file>
            <file>file:/D:/Thay%20doi%20asm/ASM-SOF203/src/Control/Panel_custom.java</file>
            <file>file:/D:/Thay%20doi%20asm/ASM-SOF203/src/Menu/TrangChu.java</file>
            <file>file:/D:/Thay%20doi%20asm/ASM-SOF203/src/Menu/home.java</file>
            <file>file:/D:/Thay%20doi%20asm/ASM-SOF203/src/Control/Panel_custom2.java</file>
        </group>
    </open-files>
</project-private>
